1385893200,6670,6666,6670,6666,28.7876,191903.1352
1385893260,6687,6676,6687,6676,11.0023,73432.8278
1385893320,6679.99,6688,6679.99,6688,3.0755,20559.310797
1385893380,6684,6660,6684,6660,25.0984,167384.2936
1385893440,6660.01,6660,6660.01,6660,49.5359,329462.469351
1385893500,6660,6659,6660,6659,4.6278,30809.645
1385893560,6659,6650,6659,6650,17.861,118967.45234
1385893620,6650,6669,6650,6669,8.1,53993.425999
1385893680,6669,6651.111,6669,6651.111,10.366,69087.9417925
1385893740,6655,6665,6655,6665,28.1,186880.596766
1385893800,6665,6650,6665,6650,12.8099,85262.780518
1385893860,6650,6664.999,6650,6664.999,14.7404,98166.793445
1385893920,6664,6660,6664,6660,0.85,5664.199998
1385893980,6652,6664,6652,6664,13.2516,88280.1804
1385894040,6665,6663,6665,6663,14.7264,98157.4113
1385894100,6663,6660,6663,6660,1.8033,12007.1222
1385894160,6660,6660,6660,6660,5.6823,37844.2175
1385894220,6657,6657.01,6657,6657.01,4.3785,29147.93
1385894280,6657.01,6659.99,6657.01,6659.99,18.4482,122839.8167
1385894340,6659.99,6657.01,6659.99,6657.01,6.769,45079.93071
1385894400,6659.99,6659.99,6659.99,6659.99,36.3841,242079.23416
1385894460,6660,6658.99,6660,6658.99,34.3389,228696.74672
1385894520,6650.01,6660,6650.01,6660,3.464,23066.92684
1385894580,6652,6659,6652,6659,2.1223,14126.8613
1385894640,6659,6659,6659,6659,6.277,41798.543
1385894700,0,0,0,0,0,0
1385894760,0,0,0,0,0,0
1385894820,6654,6658,6654,6658,1.683,11199.4348
1385894880,6658,6653.21,6658,6653.21,0.4368,2906.470378
1385894940,6653.21,6653.21,6653.21,6653.21,0.1382,919.473622
1385895000,6658,6658,6658,6658,0.0228,151.8024
1385895060,6657.99,6652.01,6657.99,6652.01,0.5877,3910.435449
1385895120,6652.01,6658,6652.01,6658,32.9593,219280.590941
1385895180,6658,6662,6658,6662,12.713,84665.12901
1385895240,6662,6675,6662,6675,18.1381,120898.99315
1385895300,6675,6670.01,6675,6670.01,7.4403,49688.001878
1385895360,6680,6680,6680,6680,7.9859,53334.734142
1385895420,6675.99,6670,6675.99,6670,19.9167,132966.078201
1385895480,6680.99,6670.99,6680.99,6670.99,7.4311,49571.87971
1385895540,6670.99,6661.99,6670.99,6661.99,7.6751,51167.082594
1385895600,6666.01,6621,6666.01,6621,31.3586,207949.464558
1385895660,6621,6612,6621,6612,17.4484,115444.740523
1385895720,6612,6615.99,6612,6615.99,12.6685,83816.9778
1385895780,6615.99,6620.01,6615.99,6620.01,38.2329,252889.324571
1385895840,6620.01,6625,6620.01,6625,2.421,16027.64927
1385895900,6619,6616.9,6619,6616.9,29.3888,194505.235
1385895960,6615.99,6620,6615.99,6620,26.4694,175072.56598
1385896020,6620,6603,6620,6603,38.2167,252666.3593463
1385896080,6600.001,6600,6600.001,6600,173.6988,1146424.1499762
1385896140,6600,6550,6600,6550,43.7541,286758.19495
1385896200,6550,6580,6550,6580,78.2874,512259.683774
1385896260,6535,6551,6535,6551,38.8593,254372.93159
1385896320,6551,6579,6551,6579,29.2293,191772.237553
1385896380,6570,6580,6570,6580,33.8474,222618.490018
1385896440,6590,6600,6590,6600,34.6174,228407.7565286
1385896500,6600.001,6602.99,6600.001,6602.99,55.3245,365175.4459245
1385896560,6606.11,6600,6606.11,6600,20.6837,136511.7206759
1385896620,6591.1,6550,6591.1,6550,104.7163,687754.914502
1385896680,6550,6550,6550,6550,48.7129,318933.81539
1385896740,6550,6550,6550,6550,17.5314,114802.261576
1385896800,6550,6539.99,6550,6539.99,22.8732,149637.6311637
1385896860,6539.99,6542,6539.99,6542,43.3011,283194.927924
1385896920,6542,6542.1,6542,6542.1,12.4773,81631.540883
1385896980,6549,6545,6549,6545,19.8861,130182.48222
1385897040,6545,6543,6545,6543,17.6945,115826.61095
1385897100,6542,6545,6542,6545,27.1047,177334.33556
1385897160,6541.001,6512,6541.001,6512,27.1247,176853.132522
1385897220,6512,6500.99,6512,6500.99,80.8855,526498.4328976
1385897280,6500.99,6460,6500.99,6460,40.088,259951.028717
1385897340,6455.01,6470.99,6455.01,6470.99,59.8349,386713.331884
1385897400,6469,6470,6469,6470,43.2225,279460.147542
1385897460,6470,6500,6470,6500,67.3139,437864.610692
1385897520,6477,6430,6477,6430,48.1582,310609.053487
1385897580,6420,6360,6420,6360,85.2067,544239.935257
1385897640,6360,6330,6360,6330,129.7468,824560.630707
1385897700,6330,6360,6330,6360,67.293,427123.744294
1385897760,6360,6400,6360,6400,56.4538,359983.6114
1385897820,6398,6370,6398,6370,55.3584,353118.3966
1385897880,6370,6350,6370,6350,23.9319,152154.355979
1385897940,6359,6338,6359,6338,45.6023,289264.580401
1385898000,6338,6342,6338,6342,44.0453,279399.8876
1385898060,6342,6350,6342,6350,76.6502,486367.1755
1385898120,6350.1,6370,6350.1,6370,37.2522,237000.50612
1385898180,6351,6340,6351,6340,103.7898,658809.295
1385898240,6350,6498,6350,6498,90.3892,577013.436458
1385898300,6470,6400,6470,6400,224.3225,1440942.07409
1385898360,6400,6400,6400,6400,354.2595,2266160.272371
1385898420,6400,6410,6400,6410,103.4174,661905.148998
1385898480,6449,6470,6449,6470,50.8668,328240.56285
1385898540,6470,6468,6470,6468,48.2108,311524.1644
1385898600,6455,6410,6455,6410,47.0605,303500.282508
1385898660,6401.01,6400,6401.01,6400,52.5765,336482.735406
1385898720,6400,6360,6400,6360,88.3546,565413.614634
1385898780,6398,6381.5,6398,6381.5,7.0718,45095.3374
1385898840,6381.5,6390,6381.5,6390,92.9536,593685.867854
1385898900,6390,6418,6390,6418,37.988,243117.727999
1385898960,6418,6440,6418,6440,25.5358,164154.731895
1385899020,6440,6448,6440,6448,69.7668,449717.956302
1385899080,6448,6465,6448,6465,40.0522,258438.4576
1385899140,6468,6480,6468,6480,36.4527,236067.758797
1385899200,6480,6499,6480,6499,24.3213,157811.49276
1385899260,6499,6499,6499,6499,68.1719,443080.22282
1385899320,6499,6461.98,6499,6461.98,115.3804,748517.693857
1385899380,6451.2,6450,6451.2,6450,51.7336,333952.3336
1385899440,6451.2,6476,6451.2,6476,13.982,90364.3142
1385899500,6475,6450,6475,6450,27.5722,178068.7529998
1385899560,6449,6429,6449,6429,35.6392,229126.002734
1385899620,6430,6410,6430,6410,117.3741,752111.765681
1385899680,6410,6444,6410,6444,52.3834,336156.3121
1385899740,6440,6430,6440,6430,27.3206,175636.583376
1385899800,6420,6420,6420,6420,32.0481,205747.654119
1385899860,6423.08,6402,6423.08,6402,34.745,222691.000368
1385899920,6414.1,6411,6414.1,6411,27.5436,176375.412535
1385899980,6411,6403,6411,6403,72.6642,465287.2294
1385900040,6403,6398,6403,6398,75.3952,482785.3703415
1385900100,6398,6390,6398,6390,44.005,281338.591005
1385900160,6399,6400,6399,6400,50.5357,323237.81773
1385900220,6400,6423,6400,6423,32.529,208317.0117
1385900280,6425.25,6435,6425.25,6435,15.4357,99150.074615
1385900340,6430,6435,6430,6435,25.4887,164027.967498
1385900400,6435,6435,6435,6435,3.751,24137.38
1385900460,6434,6427,6434,6427,8.83,56778.3122
1385900520,6427,6427.1,6427,6427.1,16.257,104476.9937
1385900580,6427.1,6420,6427.1,6420,13.0308,83691.87774
1385900640,6420,6411.1,6420,6411.1,16.4199,105412.47855
1385900700,6410,6400,6410,6400,47.403,303331.38948
1385900760,6400,6390.1,6400,6390.1,55.414,354242.652363
1385900820,6390.1,6389,6390.1,6389,70.6579,451614.661838
1385900880,6390,6387,6390,6387,38.9609,248741.53122
1385900940,6382.2,6390,6382.2,6390,44.9822,287177.33528
1385901000,6388,6387,6388,6387,79.2884,506485.8038
1385901060,6388,6390,6388,6390,21.555,137710.7416
1385901120,6390,6400,6390,6400,43.5181,278425.226697
1385901180,6407,6420,6407,6420,12.4197,79640.028698
1385901240,6420,6420,6420,6420,17.0613,109568.175999
1385901300,6420,6405,6420,6405,42.186,270417.657559
1385901360,6415,6410,6415,6410,19.0446,122143.891928
1385901420,6410,6415,6410,6415,54.8217,351203.4619873
1385901480,6415,6414,6415,6414,83.7358,536069.37161
1385901540,6410,6402,6410,6402,6.905,44265.531123
1385901600,6408,6408,6408,6408,11.2929,72312.148797
1385901660,6408,6407.99,6408,6407.99,17.8492,114335.9708862
1385901720,6407.8,6410,6407.8,6410,8.9752,57518.112042
1385901780,6410,6408,6410,6408,51.6086,330753.63678
1385901840,6410,6414,6410,6414,19.5216,125177.0603
1385901900,6414.1,6418,6414.1,6418,2.0243,12989.5575
1385901960,6418,6416,6418,6416,20.3521,130625.5905
1385902020,6420,6422,6420,6422,3.0801,19774.8278
1385902080,6424,6430,6424,6430,6.3786,41019.7495
1385902140,6438,6450,6438,6450,70.1625,452457.075198
1385902200,6450.11,6478,6450.11,6478,20.4569,132203.5656
1385902260,6478,6445,6478,6445,31.8587,205573.1156
1385902320,6445,6444,6445,6444,18.5383,119478.77205
1385902380,6444,6445,6444,6445,14.1896,91443.617
1385902440,6445,6456,6445,6456,46.4737,299870.73725
1385902500,6455,6460,6455,6460,35.9642,232330.7822
1385902560,6456,6461,6456,6461,25.35,163625.1156
1385902620,6469,6470,6469,6470,17.6868,114385.106298
1385902680,6470,6480,6470,6480,58.7176,380200.857507
1385902740,6480,6475,6480,6475,27.4622,177867.67784
1385902800,6470,6469,6470,6469,30.802,199038.860604
1385902860,6470,6470,6470,6470,15.3346,99172.88585
1385902920,6469,6465,6469,6465,22.4512,145110.1994735
1385902980,6461,6462,6461,6462,15.537,100389.31894
1385903040,6462,6469,6462,6469,15.334,99116.687765
1385903100,6469,6469,6469,6469,12.5529,81199.85532
1385903160,6467,6468.99,6467,6468.99,3.9901,25805.20842
1385903220,6467.1,6471.6,6467.1,6471.6,18.1255,117256.44501
1385903280,6472,6475,6472,6475,17.6321,114165.786399
1385903340,6480,6485,6480,6485,16.961,109905.910798
1385903400,6486,6491,6486,6491,55.8979,362684.9757
1385903460,6495,6540,6495,6540,55.5345,361529.52614
1385903520,6540,6554.99,6540,6554.99,51.0591,334195.9493
1385903580,6550,6568,6550,6568,113.2119,743161.911368
1385903640,6568,6600,6568,6600,96.671,637647.72272
1385903700,6600,6580,6600,6580,62.1238,409555.184073
1385903760,6581,6575,6581,6575,41.6718,274046.77132
1385903820,6575,6563,6575,6563,69.3908,456235.5955
1385903880,6574,6560,6574,6560,89.9731,590272.411203
1385903940,6560,6550,6560,6550,68.1476,446623.14583
1385904000,6549,6530,6549,6530,39.9645,261116.048205
1385904060,6530,6452,6530,6452,60.5701,393351.392747
1385904120,6452,6480,6452,6480,80.8102,522870.3789931
1385904180,6480,6480,6480,6480,40.1709,260782.466901
1385904240,6500,6530.01,6500,6530.01,73.4157,477324.974239
1385904300,6530,6510,6530,6510,13.6791,89153.267969
1385904360,6510,6501,6510,6501,36.965,240431.1711
1385904420,6500,6491.1,6500,6491.1,36.785,238966.27613
1385904480,6490,6470,6490,6470,19.179,124328.471207
1385904540,6470,6472,6470,6472,29.2629,189340.335451
1385904600,6470,6465,6470,6465,56.0364,362422.0349
1385904660,6464,6465,6464,6465,35.7671,231245.2998
1385904720,6465,6479.99,6465,6479.99,9.6163,62188.337997
1385904780,6480,6500,6480,6500,65.6275,426791.356322
1385904840,6511,6500,6511,6500,24.3015,158077.512004
1385904900,6500,6498,6500,6498,22.5513,146568.856198
1385904960,6498,6499,6498,6499,30.8195,200199.33585
1385905020,6496,6501,6496,6501,14.8655,96605.3925
1385905080,0,0,0,0,0,0
1385905140,0,0,0,0,0,0
1385905200,0,0,0,0,0,0
1385905260,6470,6512,6470,6512,34.4033,224269.49482
1385905320,6529,6540,6529,6540,31.7227,207299.747997
1385905380,6540,6578,6540,6578,83.3741,546893.8601
1385905440,6578,6570,6578,6570,63.9033,419909.359499
1385905500,6570,6547,6570,6547,24.338,159479.45322
1385905560,6545,6553,6545,6553,32.4749,212634.680542
1385905620,6553,6567,6553,6567,26.3578,172984.17681
1385905680,6566,6550,6566,6550,21.2403,139373.769696
1385905740,6560,6550,6560,6550,110.7968,727077.4664383
1385905800,6555,6575,6555,6575,10.4281,68516.739799
1385905860,6575,6590,6575,6590,39.8677,262520.425119
1385905920,6593,6621,6593,6621,62.8724,415874.5405
1385905980,6635,6639,6635,6639,36.6893,243622.8164
1385906040,6639,6600,6639,6600,103.1852,682304.977307
1385906100,6595.9,6580,6595.9,6580,61.6033,406166.192027
1385906160,6580,6570,6580,6570,46.5399,305939.389002
1385906220,6570,6561,6570,6561,29.1451,191347.84098
1385906280,6569.9,6575,6569.9,6575,50.0867,328780.222713
1385906340,6571,6598,6571,6598,23.6318,155568.600314
1385906400,6598,6594,6598,6594,49.6248,327065.122896
1385906460,6594,6600,6594,6600,95.8538,632429.358518
1385906520,6600,6620.1,6600,6620.1,30.2171,199887.168668
1385906580,6620,6628,6620,6628,60.1279,398245.66036
1385906640,6628,6618,6628,6618,141.796,939008.6723
1385906700,6610,6601,6610,6601,98.52,650829.800032
1385906760,6605,6620.1,6605,6620.1,52.9761,350767.975411
1385906820,6625,6651,6625,6651,62.6596,416349.625291
1385906880,6651,6649,6651,6649,65.6784,436864.11827
1385906940,6645,6631,6645,6631,26.2317,174078.40673
1385907000,6631,6630,6631,6630,50.4001,334300.741701
1385907060,6631,6629,6631,6629,17.258,114220.963517
1385907120,6615,6602,6615,6602,72.711,480503.0889267
1385907180,6610.99,6600,6610.99,6600,87.562,578014.359027
1385907240,6600,6580,6600,6580,41.8401,275356.478202
1385907300,6580,6601,6580,6601,33.8075,222898.901618
1385907360,6601,6620,6601,6620,15.8127,104580.967276
1385907420,6618.99,6610,6618.99,6610,14.2615,94261.39443
1385907480,6610,6609,6610,6609,43.2415,285656.4463262
1385907540,6607,6599,6607,6599,21.35,140814.469306
1385907600,6599,6599,6599,6599,21.0484,138708.5609
1385907660,6587,6584,6587,6584,9.0408,59554.582179
1385907720,6588,6590,6588,6590,13.5912,89575.7822
1385907780,6590,6590,6590,6590,29.5235,194490.573108
1385907840,6590,6580,6590,6580,42.8316,281916.5804
1385907900,6582,6561,6582,6561,30.0783,197788.50015
1385907960,6570,6570.2,6570,6570.2,46.8623,307876.7893
1385908020,6574.99,6600,6574.99,6600,44.7107,294669.829367
1385908080,6600.1,6610,6600.1,6610,26.4642,174922.681519
1385908140,6610,6605,6610,6605,19.718,130316.0625
1385908200,6601.1,6590.01,6601.1,6590.01,22.6635,149570.332381
1385908260,6599,6591,6599,6591,16.033,105673.759472
1385908320,6591,6597,6591,6597,0.72,4745.558
1385908380,6593,6597,6593,6597,5.963,39334.191
1385908440,6594.99,6600,6594.99,6600,15.2178,100363.026666
1385908500,6600,6601.01,6600,6601.01,20.4395,135024.128878
1385908560,6608,6596.99,6608,6596.99,23.8619,157409.700398
1385908620,6596.9,6595,6596.9,6595,10.4,68572.612611
1385908680,6593.97,6571,6593.97,6571,42.31,278562.749559
1385908740,6570.99,6565,6570.99,6565,72.4289,475622.780027
1385908800,6551,6571,6551,6571,40.2906,264861.76217
1385908860,6588,6571,6588,6571,14.9605,98317.37255
1385908920,6570,6570,6570,6570,27.127,178161.2226
1385908980,6570,6567.98,6570,6567.98,4.614,30301.75768
1385909040,6570,6571.99,6570,6571.99,13.3145,87487.317549
1385909100,6571.99,6577,6571.99,6577,11.5492,75922.514732
1385909160,6577,6581,6577,6581,25.4106,167409.180136
1385909220,6588.5,6581,6588.5,6581,8.628,56806.993391
1385909280,6582,6586.98,6582,6586.98,4.6363,30533.17514
1385909340,6586.98,6589,6586.98,6589,17.2146,113336.48334
1385909400,6588,6589,6588,6589,17.5145,115407.34519
1385909460,6585,6589,6585,6589,6.005,39565.269
1385909520,6590,6585,6590,6585,28.1698,185604.11894
1385909580,6585,6570,6585,6570,50.4489,331775.349879
1385909640,6570,6568,6570,6568,26.1272,171913.134948
1385909700,6571.99,6585,6571.99,6585,32.5316,213915.326551
1385909760,6584,6582,6584,6582,13.9757,92036.525334
1385909820,6584,6587,6584,6587,19.8157,130494.965582
1385909880,6585.91,6585,6585.91,6585,30.287,199432.114802
1385909940,6585.91,6587.03,6585.91,6587.03,32.3047,212832.895435
1385910000,6588,6587,6588,6587,12.3301,81197.28818
1385910060,6587,6584.99,6587,6584.99,13.6691,90020.926936
1385910120,6585,6582,6585,6582,3.2833,21618.530399
1385910180,6584,6581,6584,6581,26.2752,172927.823376
1385910240,6581,6577.01,6581,6577.01,14.8403,97648.830267
1385910300,6577.04,6576.99,6577.04,6576.99,28.5421,187739.868435
1385910360,6576.99,6580,6576.99,6580,19.793,130202.21231
1385910420,6581,6582,6581,6582,18.4663,121527.300659
1385910480,6582,6584.96,6582,6584.96,12.9519,85250.702192
1385910540,6582.03,6582,6582.03,6582,24.9539,164274.742501
1385910600,6584,6582,6584,6582,8.9623,59004.586499
1385910660,6584,6583,6584,6583,6.3876,42039.94249
1385910720,6582.99,6582.94,6582.99,6582.94,4.452,29305.50094
1385910780,6582.93,6579,6582.93,6579,10.528,69273.415794
1385910840,6578,6576.99,6578,6576.99,14.6276,96195.388126
1385910900,6576,6577,6576,6577,24.7922,163037.747764
1385910960,6577.01,6578,6577.01,6578,8.7621,57630.367673
1385911020,6578.01,6570,6578.01,6570,41.6984,274019.623986
1385911080,6569.99,6560,6569.99,6560,23.7287,155763.41001
1385911140,6563,6560,6563,6560,32.4538,212909.097216
1385911200,6560.99,6561,6560.99,6561,31.224,204856.477784
1385911260,6560.04,6550,6560.04,6550,39.5825,259582.873425
1385911320,6551,6550,6551,6550,33.7189,220962.055318
1385911380,6549.99,6545,6549.99,6545,3.9955,26168.188936
1385911440,6544.98,6545,6544.98,6545,21.0876,138021.532805
1385911500,6545,6544.95,6545,6544.95,10.2096,66821.020828
1385911560,6540.03,6540.99,6540.03,6540.99,42.3183,276773.564194
1385911620,6541,6530,6541,6530,16.4181,107317.492275
1385911680,6530,6480,6530,6480,28.2792,184038.1214
1385911740,6515,6515,6515,6515,19.5837,127323.811524
1385911800,6514.99,6513,6514.99,6513,12.9084,84038.699387
1385911860,6513,6444.44,6513,6444.44,49.1082,318527.291758
1385911920,6444.44,6450,6444.44,6450,65.3956,421680.60296
1385911980,6450,6450,6450,6450,96.2231,617122.063912
1385912040,6450,6450,6450,6450,44.0142,283074.73277
1385912100,6450,6480,6450,6480,46.1008,298099.724827
1385912160,6490,6500,6490,6500,28.9702,188191.747868
1385912220,6500.01,6499.98,6500.01,6499.98,59.8884,389286.01237
1385912280,6500,6470,6500,6470,27.4961,178704.419478
1385912340,6470,6474.98,6470,6474.98,3.6309,23503.260273
1385912400,6475,6490,6475,6490,8.4093,54464.7175
1385912460,6476.1,6476,6476.1,6476,49.3276,319854.17005
1385912520,6488,6478.01,6488,6478.01,15.3482,99447.3701
1385912580,6478,6490.02,6478,6490.02,44.4992,288575.450329
1385912640,6490.01,6500,6490.01,6500,23.5459,152911.710029
1385912700,6500,6505,6500,6505,37.2373,242603.927796
1385912760,6537.99,6539.99,6537.99,6539.99,2.1738,14220.157723
1385912820,6539.98,6520.99,6539.98,6520.99,15.3136,100012.710492
1385912880,6520.99,6530.02,6520.99,6530.02,16.3307,106595.325797
1385912940,6531,6539.96,6531,6539.96,66.4611,434219.813479
1385913000,6539.95,6548,6539.95,6548,35.615,232993.211219
1385913060,6540,6546.01,6540,6546.01,28.995,189745.948795
1385913120,6545,6522.01,6545,6522.01,13.7905,90052.341171
1385913180,6530,6529.96,6530,6529.96,17.6408,115055.381693
1385913240,6525,6520,6525,6520,7.8605,51288.276605
1385913300,6502.3,6501,6502.3,6501,14.3959,93601.674693
1385913360,6501,6495,6501,6495,29.256,190181.459307
1385913420,6495,6479.98,6495,6479.98,15.45,100129.85749
1385913480,6479.97,6470.11,6479.97,6470.11,29.7545,192590.553701
1385913540,6475.01,6500,6475.01,6500,39.1794,254360.724789
1385913600,6500.01,6520,6500.01,6520,14.3498,93366.537382
1385913660,6520.01,6527.99,6520.01,6527.99,37.9551,247555.155217
1385913720,6525.03,6515,6525.03,6515,18.514,120826.533764
1385913780,6501,6514.99,6501,6514.99,16.516,107460.063854
1385913840,6501.1,6513,6501.1,6513,1.1346,7387.383621
1385913900,6510,6524.99,6510,6524.99,33.6922,219638.919552
1385913960,6525,6535,6525,6535,49.4131,322609.80412
1385914020,6534.99,6524.99,6534.99,6524.99,25.2152,164642.961675
1385914080,6529.99,6525.49,6529.99,6525.49,12.7659,83365.567203
1385914140,6530,6535,6530,6535,10.7591,70276.174243
1385914200,6535,6535,6535,6535,62.6728,409865.445859
1385914260,6535,6533.01,6535,6533.01,27.7219,181137.204704
1385914320,6533.01,6547,6533.01,6547,21.2009,138555.009073
1385914380,6547,6545,6547,6545,8.758,57320.109999
1385914440,6544,6545.99,6544,6545.99,30.5338,199848.777951
1385914500,6547,6545,6547,6545,38.9659,255101.027936
1385914560,6544,6540.99,6544,6540.99,41.3699,270575.873655
1385914620,6540.99,6542.02,6540.99,6542.02,12.6325,82629.008815
1385914680,6542.03,6544.95,6542.03,6544.95,15.469,101238.76211
1385914740,6543.03,6544.96,6543.03,6544.96,11.464,75022.80094
1385914800,6548,6546.11,6548,6546.11,19.291,126308.44332
1385914860,6547.99,6549.99,6547.99,6549.99,26.0604,170677.594687
1385914920,6550,6555,6550,6555,32.5791,213434.825691
1385914980,6555.02,6565.01,6555.02,6565.01,15.6402,102559.634598
1385915040,6564,6568.01,6564,6568.01,6.3174,41482.687172
1385915100,6565.99,6568,6565.99,6568,34.1935,224577.647791
1385915160,6565,6550,6565,6550,14.314,93763.2788385
1385915220,6549,6548.98,6549,6548.98,9.5975,62851.870462
1385915280,6549,6540,6549,6540,70.8698,463665.759731
1385915340,6545,6540,6545,6540,57.8282,378309.76082
1385915400,6540,6535,6540,6535,23.5861,154068.798614
1385915460,6511,6510.98,6511,6510.98,8.341,54313.049311
1385915520,6520,6537.99,6520,6537.99,46.3113,302672.51786
1385915580,6537.99,6539.89,6537.99,6539.89,30.5086,199502.996769
1385915640,6540.99,6540.99,6540.99,6540.99,10.9206,71428.320597
1385915700,6540,6538,6540,6538,2.5595,16736.5695
1385915760,6538,6523,6538,6523,15.7322,102586.8513538
1385915820,6534,6533,6534,6533,5.8407,38158.4370745
1385915880,6533.323,6534,6533.323,6534,9.3339,60981.7956328
1385915940,6541.98,6542.02,6541.98,6542.02,9.1628,59944.324728
1385916000,6542.02,6538.99,6542.02,6538.99,5.531,36133.525996
1385916060,6539,6539.99,6539,6539.99,11.8298,77341.357944
1385916120,6539.98,6531.02,6539.98,6531.02,3.0952,20237.271584
1385916180,6532.99,6532.97,6532.99,6532.97,9.372,61201.63074
1385916240,6541,6541,6541,6541,0.145,948.445
1385916300,6540.02,6535,6540.02,6535,5.7685,37696.943291
1385916360,6540.001,6540,6540.001,6540,2.8407,18567.6132035
1385916420,6540,6540,6540,6540,12.7641,83466.14689
1385916480,6540,6541,6540,6541,5.2639,34427.6488245
1385916540,6541,6540,6541,6540,5.87,38395.66114
1385916600,6539.99,6538,6539.99,6538,10.0003,65400.741448
1385916660,6538,6540.01,6538,6540.01,21.5471,140900.111592
1385916720,6540,6540.001,6540,6540.001,8.8959,58179.251323
1385916780,6540.001,6540,6540.001,6540,7.5917,49649.705381
1385916840,6540,6539.01,6540,6539.01,4.3942,28737.9492
1385916900,6539.05,6539.02,6539.05,6539.02,1.124,7349.859065
1385916960,6539.99,6538,6539.99,6538,13.5397,88533.65248
1385917020,6538,6535,6538,6535,2.1541,14080.204356
1385917080,6537,6535,6537,6535,5.8586,38289.0474
1385917140,6533,6530,6533,6530,2.7385,17890.594005
1385917200,6529.98,6520,6529.98,6520,6.2923,41048.294128
1385917260,6520,6523.01,6520,6523.01,12.3431,80477.158691
1385917320,6523.01,6543.03,6523.01,6543.03,13.6244,88950.079872
1385917380,6543.03,6535,6543.03,6535,4.72,30883.10874
1385917440,6535,6532.99,6535,6532.99,5.1949,33945.63117
1385917500,6532.98,6526.26,6532.98,6526.26,6.5574,42826.581042
1385917560,6526.26,6525,6526.26,6525,6.9752,45513.839102
1385917620,6525,6524.97,6525,6524.97,6.1116,39874.166117
1385917680,6524.95,6534.99,6524.95,6534.99,4.7498,30993.975109
1385917740,0,0,0,0,0,0
1385917800,6527,6527.01,6527,6527.01,2.5507,16649.491
1385917860,6527.02,6527.02,6527.02,6527.02,8.1084,52923.590212
1385917920,6527.05,6529,6527.05,6529,2.3781,15526.692738
1385917980,6527.08,6528.94,6527.08,6528.94,2.3041,15040.933058
1385918040,6527.15,6527.17,6527.15,6527.17,1.4073,9185.662195
1385918100,6527.2,6527.2,6527.2,6527.2,13.5987,88764.281683
1385918160,6527.2,6525.1,6527.2,6525.1,16.185,105599.553703
1385918220,6525.1,6511.2,6525.1,6511.2,37.0333,241437.182322
1385918280,6511.2,6510,6511.2,6510,35.6884,232346.41949
1385918340,6510,6510,6510,6510,33.5472,218398.209975
1385918400,6510,6501,6510,6501,23.2536,151186.25118
1385918460,6501.01,6483,6501.01,6483,26.5984,173030.904214
1385918520,6483,6485,6483,6485,10.5858,68654.0269
1385918580,6498,6497.99,6498,6497.99,7.031,45639.440395
1385918640,6497.99,6501,6497.99,6501,1.8861,12258.83823
1385918700,6505,6503.03,6505,6503.03,10.0901,65591.0245
1385918760,6503.04,6475,6503.04,6475,2.7599,17917.150443
1385918820,6475.01,6405.55,6475.01,6405.55,22.286,143449.140431
1385918880,6405.56,6450,6405.56,6450,2.5775,16605.14761
1385918940,6450,6410,6450,6410,18.8873,121252.6620986
1385919000,6410,6413.2,6410,6413.2,82.0532,527320.5208744
1385919060,6415,6401,6415,6401,40.1762,257413.5096
1385919120,6410,6413.2,6410,6413.2,61.6691,395041.385742
1385919180,6413.2,6413.2,6413.2,6413.2,19.6689,126116.3439
1385919240,6413.2,6445,6413.2,6445,5.6812,36506.940586
1385919300,6412.01,6499,6412.01,6499,30.9875,200906.167585
1385919360,6426.99,6435,6426.99,6435,0.22,1414.7789
1385919420,6450.01,6453,6450.01,6453,10.0902,65139.860563
1385919480,6484,6470,6484,6470,9.4347,61065.47631
1385919540,6470,6463.01,6470,6463.01,32.1684,208043.130926
1385919600,6463.01,6455,6463.01,6455,24.6495,159302.330932
1385919660,6455.01,6455,6455.01,6455,6.9074,44587.286941
1385919720,6455,6455.01,6455,6455.01,2.7002,17429.867926
1385919780,6455.02,6455,6455.02,6455,4.4604,28795.6547961
1385919840,6431.01,6431.01,6431.01,6431.01,0.05,321.5505
1385919900,6431.08,6432.01,6431.08,6432.01,0.9245,5973.933
1385919960,6435,6435,6435,6435,2.06,13256.1
1385920020,6445,6447.99,6445,6447.99,1.3602,8768.578882
1385920080,6441,6411.99,6441,6411.99,31.1899,200526.687704
1385920140,6410,6410,6410,6410,27.0093,173009.946472
1385920200,6410,6401,6410,6401,2.96,18956.331302
1385920260,6401.11,6402.03,6401.11,6402.03,26.047,166736.346254
1385920320,6402.03,6389,6402.03,6389,50.7608,324634.13843
1385920380,6388,6380,6388,6380,48.2226,307736.330305
1385920440,6381,6402,6381,6402,5.1327,32856.405536
1385920500,6402.02,6483,6402.02,6483,22.6328,145343.632373
1385920560,6451,6411.8,6451,6411.8,2.1746,13939.9646
1385920620,6412,6423,6412,6423,3.4438,22109.723703
1385920680,6424,6400,6424,6400,29.9594,192067.820585
1385920740,6405.01,6405,6405.01,6405,8.9501,57335.43712
1385920800,6405,6450,6405,6450,27.7038,177940.125678
1385920860,6444,6455,6444,6455,18.0635,116698.427589
1385920920,6452,6452.01,6452,6452.01,12.6649,81788.607407
1385920980,6452.1,6456,6452.1,6456,6.441,41572.3538
1385921040,6459.97,6459,6459.97,6459,3.3058,21349.902113
1385921100,6458.99,6464.01,6458.99,6464.01,17.6407,113966.035506
1385921160,6465.01,6460,6465.01,6460,8.2796,53534.613503
1385921220,6460,6456.1,6460,6456.1,15.3627,99289.322526
1385921280,6471.99,6460,6471.99,6460,5.4739,35394.845757
1385921340,6469.98,6461,6469.98,6461,8.2017,53060.6500847
1385921400,6469,6463,6469,6463,22.4726,145112.166497
1385921460,6470.98,6465.02,6470.98,6465.02,9.2272,59654.489674
1385921520,6466.02,6458,6466.02,6458,5.095,32945.526895
1385921580,6458.01,6458.01,6458.01,6458.01,0.05,322.9005
1385921640,6466,6466.01,6466,6466.01,9.5029,61445.72498
1385921700,6466.02,6466.02,6466.02,6466.02,4.699,30383.76968
1385921760,6465.99,6470,6465.99,6470,7.0173,45400.990225
1385921820,6470,6472,6470,6472,2.3061,14922.528192
1385921880,6473.189,6475,6473.189,6475,2.6337,17053.087193
1385921940,6475.01,6480.01,6475.01,6480.01,1.4689,9513.519005
1385922000,6485,6490,6485,6490,3.5331,22922.990071
1385922060,6490.02,6492,6490.02,6492,5.4664,35484.464164
1385922120,6492.02,6490,6492.02,6490,9.5448,61993.482567
1385922180,6490,6475.1,6490,6475.1,2.3202,15047.82032
1385922240,6475.11,6475,6475.11,6475,6.9176,44792.243605
1385922300,6473.5,6470.11,6473.5,6470.11,7.9561,51497.286433
1385922360,6470.12,6498,6470.12,6498,24.0988,156219.622469
1385922420,6482.99,6470.44,6482.99,6470.44,7.1446,46264.704154
1385922480,6478,6470,6478,6470,3.9578,25608.655202
1385922540,6465,6465.99,6465,6465.99,1.476,9542.81124
1385922600,6459.01,6459,6459.01,6459,3.94,25448.4639
1385922660,6460.02,6450.99,6460.02,6450.99,52.6171,339680.686861
1385922720,6450,6401.98,6450,6401.98,7.1263,45656.683562
1385922780,6429.98,6403,6429.98,6403,4.31,27642.000448
1385922840,6403,6380,6403,6380,62.4078,398839.393732
1385922900,6398.99,6385,6398.99,6385,4.6766,29870.838987
1385922960,6398.97,6388,6398.97,6388,4.4173,28273.814351
1385923020,6388.01,6420,6388.01,6420,14.967,95872.7212244
1385923080,6420,6421,6420,6421,7.5987,48813.253441
1385923140,6437.01,6437.03,6437.01,6437.03,0.1359,874.791377
1385923200,6435.01,6420,6435.01,6420,56.8968,365311.965068
1385923260,6420.01,6412,6420.01,6412,0.6715,4306.0642
1385923320,6420,6420,6420,6420,5.31,34070.607848
1385923380,6420,6406,6420,6406,19.0693,122216.843061
1385923440,6405.99,6406,6405.99,6406,12.6577,81124.001156
1385923500,6406,6405.99,6406,6405.99,6.9539,44536.67374
1385923560,6402,6421,6402,6421,26.3842,168965.273959
1385923620,6426,6420,6426,6420,5.021,32253.8739
1385923680,6426,6426.99,6426,6426.99,3.1302,20114.665398
1385923740,0,0,0,0,0,0
1385923800,6438,6438,6438,6438,3,19313.997394
1385923860,6423,6422,6423,6422,3,19266.0239
1385923920,6422,6422,6422,6422,0.744,4777.968
1385923980,6403,6421,6403,6421,3.2788,21010.639847
1385924040,6407.99,6420,6407.99,6420,9.7365,62395.095286
1385924100,6420.02,6408,6420.02,6408,3.5954,23083.14976
1385924160,6419.98,6419,6419.98,6419,1.7498,11232.113564
1385924220,6418,6408,6418,6408,3.2388,20782.9604
1385924280,6408.03,6410,6408.03,6410,5.4237,34764.667702
1385924340,6409.98,6408.05,6409.98,6408.05,5.4471,34912.159805
1385924400,6408,6400,6408,6400,22.1101,141600.822583
1385924460,6405.01,6441,6405.01,6441,19.7071,126478.302456
1385924520,6399.98,6399.98,6399.98,6399.98,1.1783,7542.128956
1385924580,6401,6401,6401,6401,10.52,67338.5218
1385924640,6401.04,6402,6401.04,6402,2.414,15452.09772
1385924700,6402,6403,6402,6403,1.3908,8905.2924
1385924760,6408,6408,6408,6408,1,6408
1385924820,6408.01,6403,6408.01,6403,6.7275,43084.80086
1385924880,6403,6399,6403,6399,6.8557,43886.0233
1385924940,6385.01,6350,6385.01,6350,220.0672,1399215.992619
1385925000,6350,6338.9,6350,6338.9,106.8367,678402.207831
1385925060,6336.02,6330,6336.02,6330,6.1043,38661.421702
1385925120,6330.04,6320.99,6330.04,6320.99,16.4328,103862.962556
1385925180,6320,6302.87,6320,6302.87,31.3992,198315.676048
1385925240,6312.99,6301,6312.99,6301,21.3295,134444.546455
1385925300,6309.99,6306,6309.99,6306,10.1765,64201.000853
1385925360,6309.99,6339,6309.99,6339,50.504,319254.133944
1385925420,6339,6406.02,6339,6406.02,43.7256,277731.666148
1385925480,6406.01,6399,6406.01,6399,5.0553,32341.50069
1385925540,6371,6371,6371,6371,10.1437,64625.513318
1385925600,6370.01,6353,6370.01,6353,1.7884,11373.424145
1385925660,6353,6339.96,6353,6339.96,13.7462,87018.060817
1385925720,6359,6349.99,6359,6349.99,9.7811,62161.780265
1385925780,6349.99,6320,6349.99,6320,12.6357,80273.077323
1385925840,6321.03,6320,6321.03,6320,20.3215,128325.816487
1385925900,6316.99,6321,6316.99,6321,19.6736,124281.45187
1385925960,6321.01,6319,6321.01,6319,4.7282,29885.7762
1385926020,6314.11,6310,6314.11,6310,21.825,137765.090363
1385926080,6308.01,6301.58,6308.01,6301.58,85.672,540396.356211
1385926140,6302.99,6303,6302.99,6303,8.483,53474.36007
1385926200,6303,6307.98,6303,6307.98,23.2306,146441.042058
1385926260,6308,6300.99,6308,6300.99,8.3342,52553.721405
1385926320,6300.99,6300.101,6300.99,6300.101,56.7108,357313.3524056
1385926380,6300.101,6303.3,6300.101,6303.3,31.241,196864.345471
1385926440,6303.29,6303.04,6303.29,6303.04,13.7209,86474.002767
1385926500,6302.02,6303,6302.02,6303,3.8911,24524.282182
1385926560,6302.99,6320,6302.99,6320,9.5217,60071.58969
1385926620,6320,6321,6320,6321,19.9086,125808.995846
1385926680,6321,6320.02,6321,6320.02,0.21,1327.2803
1385926740,6320.03,6310.01,6320.03,6310.01,1.0801,6825.333302
1385926800,6310.03,6320.01,6310.03,6320.01,8.47,53530.241111
1385926860,6320.02,6320.01,6320.02,6320.01,12.0618,76230.706118
1385926920,6320.02,6311.01,6320.02,6311.01,5.6982,36011.282647
1385926980,6311.01,6320.01,6311.01,6320.01,5.4061,34181.75178
1385927040,6320.01,6312,6320.01,6312,1.2402,7828.629204
1385927100,6319.99,6326,6319.99,6326,16.9717,107301.802823
1385927160,6313,6319.99,6313,6319.99,3.096,19549.444001
1385927220,6315,6312.01,6315,6312.01,16.738,105658.20811
1385927280,6310,6310,6310,6310,74.9182,472733.9032
1385927340,6303.01,6302.49,6303.01,6302.49,0.3922,2471.865918
1385927400,6303.09,6302.01,6303.09,6302.01,44.4257,279975.94122
1385927460,6302.04,6301,6302.04,6301,31.4811,198349.82
1385927520,6301.01,6301.99,6301.01,6301.99,15.0621,94962.498537
1385927580,6307.99,6300.1,6307.99,6300.1,9.994,62974.016021
1385927640,6301.02,6300.1,6301.02,6300.1,14.0833,88726.887931
1385927700,6300.11,6300.1,6300.11,6300.1,3.25,20475.3288
1385927760,6300.1,6300.1,6300.1,6300.1,3.0961,19507.03628
1385927820,6305.01,6300.1,6305.01,6300.1,8.047,50713.1093
1385927880,0,0,0,0,0,0
1385927940,6302.24,6302,6302.24,6302,4.71,29683.0392
1385928000,6301.21,6300.1,6301.21,6300.1,12.301,77501.6193
1385928060,6301,6300.1,6301,6300.1,33.9077,213644.490577
1385928120,6300.11,6299,6300.11,6299,95.4575,601388.647232
1385928180,6298.2,6270,6298.2,6270,78.2954,492276.228799
1385928240,6270.01,6255.03,6270.01,6255.03,44.2888,277214.588424
1385928300,6255.04,6257,6255.04,6257,94.5821,591139.846889
1385928360,6251.02,6202,6251.02,6202,19.6659,122499.441179
1385928420,6202.01,6203,6202.01,6203,17.537,108764.714085
1385928480,6203,6203.02,6203,6203.02,33.8072,209846.439122
1385928540,6203,6203,6203,6203,13.7314,85182.70542
1385928600,6202.01,6200,6202.01,6200,49.2745,305522.0593
1385928660,6200.99,6200,6200.99,6200,242.2041,1501676.425216
1385928720,6200,6150,6200,6150,13.9071,85850.7292392
1385928780,6145,6125.1,6145,6125.1,44.1154,270640.618908
1385928840,6123,6080,6123,6080,42.1375,256904.347102
1385928900,6079.99,6050.04,6079.99,6050.04,37.0152,224131.24492
1385928960,6066,6050,6066,6050,29.2569,177021.542404
1385929020,6050.01,6023,6050.01,6023,32.5328,196700.432132
1385929080,6023,6014.99,6023,6014.99,42.164,254058.592227
1385929140,6023.5,6049,6023.5,6049,14.6718,88457.241059
1385929200,6021,6025.99,6021,6025.99,32.3199,194473.698502
1385929260,6026.01,6026.05,6026.01,6026.05,0.3,1807.8052
1385929320,6026.03,6025.98,6026.03,6025.98,21.3337,128574.404854
1385929380,6025.99,6025.99,6025.99,6025.99,13.34,80336.704733
1385929440,6025.99,6050,6025.99,6050,19.8201,119435.970861
1385929500,6030,6016,6030,6016,11.119,67008.449466
1385929560,6030,6021,6030,6021,13.3338,80766.0599
1385929620,6016.8,6145,6016.8,6145,18.3486,111238.894446
1385929680,6160,6199,6160,6199,56.0979,342613.452816
1385929740,6175.01,6203.99,6175.01,6203.99,20.801,128934.417791
1385929800,6211,6200,6211,6200,64.4686,399729.794774
1385929860,6200.01,6249,6200.01,6249,18.6482,116027.501277
1385929920,6255,6299,6255,6299,28.776,181270.335529
1385929980,6260.02,6209,6260.02,6209,0.9271,5791.123726
1385930040,6205,6320,6205,6320,12.8227,80259.400264
1385930100,6211,6200,6211,6200,61.8909,385975.228332
1385930160,6200,6170,6200,6170,2.4876,15409.528
1385930220,6170,6114.99,6170,6114.99,16.8127,103083.176866
1385930280,6115,6050,6115,6050,35.8643,218722.312666
1385930340,6079.99,6051,6079.99,6051,28.765,173749.936222
1385930400,6051,6032.01,6051,6032.01,32.0384,193262.421335
1385930460,6031.8,6043,6031.8,6043,18.4844,111636.251618
1385930520,6043,6040,6043,6040,33.0357,199589.556915
1385930580,6042.98,6050,6042.98,6050,35.6836,215707.983988
1385930640,6050,6101,6050,6101,17.4749,106453.635351
1385930700,6101,6140,6101,6140,12.5568,76715.199997
1385930760,6102,6100,6102,6100,5.8387,35615.919651
1385930820,6100,6100,6100,6100,2.4085,14700.133915
1385930880,6100,6100,6100,6100,3.8769,23648.796484
1385930940,6130,6100.01,6130,6100.01,3.1703,19368.933703
1385931000,6127.98,6200.01,6127.98,6200.01,11.999,73859.703591
1385931060,6200.01,6130.01,6200.01,6130.01,15.3637,95230.679636
1385931120,6140,6140.04,6140,6140.04,0.3816,2352.216004
1385931180,6152.01,6152.02,6152.01,6152.02,2.4963,15372.073023
1385931240,6175,6176,6175,6176,15.8047,97721.734994
1385931300,6175.98,6175,6175.98,6175,3.753,23175.545204
1385931360,6160.01,6150,6160.01,6150,10.9235,67284.935104
1385931420,6150,6175.99,6150,6175.99,7.1175,43840.198029
1385931480,6176,6180.01,6176,6180.01,3.4346,21180.105648
1385931540,6180.01,6228,6180.01,6228,14.8346,91979.343133
1385931600,6228,6226,6228,6226,2.05,12766.8452
1385931660,6192.02,6200,6192.02,6200,9.8553,61055.6264
1385931720,6220,6202,6220,6202,23.562,146086.88995
1385931780,6202,6228,6202,6228,3.5088,21819.539796
1385931840,6228.03,6240.01,6228.03,6240.01,14.0332,87417.585864
1385931900,6240,6258.97,6240,6258.97,6.7142,41876.035846
1385931960,6260.03,6310,6260.03,6310,34.5397,217575.006835
1385932020,6310,6348.99,6310,6348.99,9.0669,57255.572287
1385932080,6345,6377,6345,6377,8.9123,56601.316699
1385932140,6390,6395,6390,6395,10.4677,66911.700246
1385932200,6399,6390,6399,6390,39.1576,250356.818424
1385932260,6388,6387,6388,6387,18.5173,118311.982245
1385932320,6394.99,6379,6394.99,6379,64.7773,413906.941015
1385932380,6352.02,6379,6352.02,6379,21.0855,134540.578567
1385932440,6390,6379,6390,6379,27.0911,172875.508435
1385932500,6379,6370,6379,6370,11.9454,76106.696211
1385932560,6350.11,6368,6350.11,6368,24.2464,154270.312
1385932620,6365.04,6362.04,6365.04,6362.04,10.0106,63534.6578
1385932680,6340,6349.99,6340,6349.99,1.0829,6876.175787
1385932740,6345,6310.99,6345,6310.99,14.02,88563.6055
1385932800,6300,6278,6300,6278,14.9728,94273.851217
1385932860,6330,6288.99,6330,6288.99,5.197,32765.081694
1385932920,6299.94,6310,6299.94,6310,8.2686,52107.856374
1385932980,6310,6310,6310,6310,5.6413,35577.368645
1385933040,6310,6330.02,6310,6330.02,24.2824,153840.249016
1385933100,6349,6335.01,6349,6335.01,8.3232,52778.517524
1385933160,6335.01,6330,6335.01,6330,2.4169,15308.169542
1385933220,6330,6329.99,6330,6329.99,14.1251,89268.55388
1385933280,6302.02,6300,6302.02,6300,5.5682,35074.933517
1385933340,6241.01,6241,6241.01,6241,21.9493,136917.525
1385933400,6300,6300,6300,6300,9.3513,58913.196726
1385933460,6300,6300.01,6300,6300.01,3.2158,20231.070678
1385933520,0,0,0,0,0,0
1385933580,6266,6266,6266,6266,0.01,62.66
1385933640,6280,6275,6280,6275,2.0335,12765.962798
1385933700,6274.97,6265.01,6274.97,6265.01,2.1697,13609.871632
1385933760,6270.03,6210,6270.03,6210,9.1,56831.761462
1385933820,6269.99,6270,6269.99,6270,4.871,30541.17226
1385933880,6270,6270,6270,6270,2.3272,14591.544
1385933940,0,0,0,0,0,0
1385934000,6236,6214,6236,6214,20,124569.7391
1385934060,6247.99,6215,6247.99,6215,13.1298,81935.830716
1385934120,6218.03,6245,6218.03,6245,6.89,42973.742312
1385934180,6267.98,6245,6267.98,6245,16.36,102424.647
1385934240,6245,6245,6245,6245,5.5455,34631.636525
1385934300,6265.96,6266,6265.96,6266,0.78,4887.4746
1385934360,6263.97,6263.97,6263.97,6263.97,0.08,501.1176
1385934420,6245.14,6245,6245.14,6245,2.3,14363.5409
1385934480,6245,6245.06,6245,6245.06,4.7003,29353.378318
1385934540,6245.08,6236,6245.08,6236,3.5549,22170.640686
1385934600,0,0,0,0,0,0
1385934660,6223.01,6223,6223.01,6223,10.459,65085.138303
1385934720,6222,6219,6222,6219,3.9467,24550.698001
1385934780,6216.01,6215.98,6216.01,6215.98,7.4304,46187.367301
1385934840,6215,6195.01,6215,6195.01,5.6157,34852.567903
1385934900,6159,6152,6159,6152,10.0015,61531.333728
1385934960,6152,6150,6152,6150,10.7742,66269.283385
1385935020,6130.04,6140,6130.04,6140,162.342,990815.223867
1385935080,6139.99,6149,6139.99,6149,37.0836,227899.167977
1385935140,6150,6163,6150,6163,5.7665,35467.475677
1385935200,6178,6198,6178,6198,4.9115,30402.747874
1385935260,6198.01,6201.02,6198.01,6201.02,6.3892,39605.978602
1385935320,6238,6198,6238,6198,3.6601,22711.175769
1385935380,6198.01,6197,6198.01,6197,34.7612,215452.6118
1385935440,6197,6197,6197,6197,24.1223,149501.1142
1385935500,6197,6197,6197,6197,30.1123,186612.172173
1385935560,6197.01,6197,6197.01,6197,2.6981,16720.128
1385935620,6165,6150,6165,6150,33.4956,206367.419793
1385935680,6149.97,6119.97,6149.97,6119.97,4.504,27620.296402
1385935740,6119.99,6150,6119.99,6150,8.3731,51250.668175
1385935800,6150.01,6119.99,6150.01,6119.99,11.6436,71442.390315
1385935860,6119.99,6120,6119.99,6120,14.116,86384.575866
1385935920,6120,6149,6120,6149,21.969,134426.013174
1385935980,6148.99,6120.04,6148.99,6120.04,10.2273,62604.896183
1385936040,6120.03,6100.99,6120.03,6100.99,17.3771,106210.479129
1385936100,6101.02,6100,6101.02,6100,26.9401,164337.053441
1385936160,6100.01,6100,6100.01,6100,59.891,365337.633666
1385936220,6100.01,6110,6100.01,6110,23.6849,144511.224719
1385936280,6100.02,6100,6100.02,6100,8.448,51532.852602
1385936340,6090.01,6100,6090.01,6100,2.073,12639.069184
1385936400,6092,6092,6092,6092,10.75,65489.436802
1385936460,6092,6092,6092,6092,13.7016,83514.110555
1385936520,6089,6088,6089,6088,0.8,4870.7072
1385936580,6088.01,6070,6088.01,6070,7.8746,47845.833101
1385936640,6069.99,6054.01,6069.99,6054.01,9.9299,60121.538698
1385936700,6054.01,6060,6054.01,6060,8.3808,50785.388199
1385936760,6054.99,6103,6054.99,6103,85.9015,521695.390983
1385936820,6103.01,6120.02,6103.01,6120.02,4.3506,26628.109929
1385936880,6120,6150,6120,6150,14.0109,86084.426355
1385936940,6150,6148,6150,6148,7.9537,48651.835501
1385937000,6148,6147.99,6148,6147.99,2.9983,18433.548181
1385937060,6145,6131.01,6145,6131.01,3.0326,18629.434993
1385937120,6130.98,6147.8,6130.98,6147.8,22.0358,135372.437856
1385937180,6141.02,6161,6141.02,6161,5.7074,35106.532422
1385937240,6160.99,6199,6160.99,6199,4.9403,30515.673597
1385937300,6200,6197,6200,6197,5.3138,32891.600319
1385937360,6197,6239,6197,6239,17.2634,107162.640657
1385937420,6240,6250,6240,6250,23.4186,146354.725
1385937480,6264.99,6263,6264.99,6263,8.9877,56203.042464
1385937540,6250.01,6200,6250.01,6200,15.9587,99319.677824
1385937600,6200.01,6211.22,6200.01,6211.22,16.4305,101883.17992
1385937660,6200,6180,6200,6180,10.2798,63622.53312
1385937720,6187.99,6181,6187.99,6181,4.6836,28950.12335
1385937780,6188,6150,6188,6150,15.5233,95646.557423
1385937840,6150,6111,6150,6111,25.2916,154927.35233
1385937900,6112.5,6120,6112.5,6120,33.8227,206846.474016
1385937960,6119,6133,6119,6133,17.7433,108616.677759
1385938020,6133,6146,6133,6146,13.7243,84349.2637
1385938080,6145,6155,6145,6155,0.43,2643.99387
1385938140,6175.12,6169.99,6175.12,6169.99,3.6905,22771.922511
1385938200,6156.02,6175,6156.02,6175,15.2345,94041.443618
1385938260,6169,6174.02,6169,6174.02,9.9,61122.36748
1385938320,6174.01,6175.11,6174.01,6175.11,28.92,178553.740489
1385938380,6175.1,6187.97,6175.1,6187.97,31.0335,191893.706681
1385938440,6190,6200,6190,6200,21.5697,133687.255795
1385938500,6200,6232,6200,6232,15.6602,97363.041672
1385938560,6232,6220,6232,6220,25.9287,161272.652828
1385938620,6220,6210,6220,6210,21.0541,131023.536466
1385938680,6250,6249,6250,6249,1.9,11870.420464
1385938740,6239,6237,6239,6237,22.7997,142296.536349
1385938800,6237,6251.99,6237,6251.99,36.701,229140.202429
1385938860,6251.99,6265,6251.99,6265,4.4497,27831.956531
1385938920,6257,6300.003,6257,6300.003,42.0823,264732.567398
1385938980,6316.8,6280,6316.8,6280,33.7827,212992.334854
1385939040,6257,6299,6257,6299,12.129,75872.038331
1385939100,6270,6222,6270,6222,42.6027,266201.8649046
1385939160,6222,6222,6222,6222,9.1784,57093.682801
1385939220,6223,6231,6223,6231,6.0344,37563.9847
1385939280,0,0,0,0,0,0
1385939340,6260,6259.99,6260,6259.99,1.0907,6827.781993
1385939400,6250,6270,6250,6270,4.9303,30896.8078
1385939460,6295,6320,6295,6320,39.5822,248954.866606
1385939520,6320,6280.1,6320,6280.1,12.5818,79347.043577
1385939580,6320,6300,6320,6300,12.855,80940.170807
1385939640,6289,6290,6289,6290,4.5521,28643.7503
1385939700,6291,6260,6291,6260,6.3834,40101.66513
1385939760,6258,6258,6258,6258,18.4872,115578.084902
1385939820,6255.5,6251,6255.5,6251,11.3556,71079.661147
1385939880,6258,6251.01,6258,6251.01,28.4273,177769.8044313
1385939940,6251.01,6251,6251.01,6251,19.465,121865.5932047
1385940000,6251,6278,6251,6278,8.8227,55162.045
1385940060,6264,6276,6264,6276,22.55,140997.548055
1385940120,6275,6251,6275,6251,3.9034,24434.755299
1385940180,6260,6250,6260,6250,32.3646,202524.18668
1385940240,6250,6260,6250,6260,29.6036,185058.1958
1385940300,6260,6259,6260,6259,3.081,19283.830999
1385940360,6251,6250,6251,6250,21.3213,133344.666
1385940420,6252,6252,6252,6252,62.0253,387659.946501
1385940480,6252,6264,6252,6264,47.4291,296529.0406
1385940540,6253,6250,6253,6250,7.517,46990.7147
1385940600,6249,6231,6249,6231,22.05,137455.8872
1385940660,6236,6210,6236,6210,47.5309,295479.936669
1385940720,6211,6211,6211,6211,14.5126,90124.182
1385940780,6211,6211,6211,6211,0.33,2049.63
1385940840,6230,6230,6230,6230,2.2654,14103.449996
1385940900,6230,6230,6230,6230,1.9791,12329.793
1385940960,6222,6230,6222,6230,11.3573,70738.78143
1385941020,6222,6230,6222,6230,6.559,40842.4132
1385941080,6220,6211.121,6220,6211.121,19.244,119574.574221
1385941140,6211,6210,6211,6210,4.4626,27714.441
1385941200,6208,6200,6208,6200,32.6505,202498.068952
1385941260,6200,6200,6200,6200,22.1251,137175.687629
1385941320,6187,6100,6187,6100,130.3297,801147.193951
1385941380,6100,6100,6100,6100,38.937,237725.01176
1385941440,6100,6100,6100,6100,24.948,151950.49134
1385941500,6150,6163,6150,6163,16.743,102968.36457
1385941560,6160,6136,6160,6136,20.6921,127358.33991
1385941620,6136,6100,6136,6100,32.8112,200167.06429
1385941680,6111,6111,6111,6111,0.3,1833.3
1385941740,6111,6124,6111,6124,3.4474,21105.073997
1385941800,6124,6144,6124,6144,11.6499,71465.6208
1385941860,6143,6162.9,6143,6162.9,12.6228,77684.876079
1385941920,6162.9,6149,6162.9,6149,8.7538,53802.5652
1385941980,6148,6149,6148,6149,23.7548,145966.9513
1385942040,6150,6149,6150,6149,7.2833,44792.8612
1385942100,6160,6160,6160,6160,0.809,4983.44
1385942160,6150,6150,6150,6150,1.1189,6880.746
1385942220,6131.1,6135,6131.1,6135,2.0034,12296.075111
1385942280,6142,6135,6142,6135,19.5143,119728.9774
1385942340,6130,6180,6130,6180,23.4336,144124.3324
1385942400,6180,6180.001,6180,6180.001,27.741,171505.212373
1385942460,6180.001,6180,6180.001,6180,32.6847,201991.446286
1385942520,6180,6180,6180,6180,24.8548,153602.66401
1385942580,6180,6152,6180,6152,14.8625,91841.461006
1385942640,6152,6151.01,6152,6151.01,5.125,31530.183731
1385942700,6151.01,6137,6151.01,6137,0.5184,3184.479784
1385942760,6137.01,6192,6137.01,6192,4.2706,26259.153504
1385942820,6158.01,6158.01,6158.01,6158.01,5.458,33678.948997
1385942880,6160,6160,6160,6160,21.4702,132253.2488001
1385942940,6160,6163,6160,6163,3.5646,21958.635
1385943000,6152.1,6153,6152.1,6153,10.9369,67328.202502
1385943060,6153,6159,6153,6159,6.5527,40349.696
1385943120,6160,6171,6160,6171,3.5566,21925.344
1385943180,6178,6179,6178,6179,2.0602,12729.9156
1385943240,6190,6190,6190,6190,21.34,132097.1
1385943300,6190,6180,6190,6180,0.8417,5208.791
1385943360,6180.01,6180,6180.01,6180,4.3662,26984.410002
1385943420,6180,6178,6180,6178,6.1156,37789.21352
1385943480,6171,6178,6171,6178,8.8758,54587.49764
1385943540,6151,6155,6151,6155,4.46,27435.301006
1385943600,6156,6150,6156,6150,24.6041,151387.24146
1385943660,6148,6155,6148,6155,102.7025,631982.9833699
1385943720,6142,6143,6142,6143,10.5459,64776.1306801
1385943780,6143,6155,6143,6155,36.2993,223169.743498
1385943840,6155,6150,6155,6150,15.2134,93555.827
1385943900,6150,6140,6150,6140,2.2266,13679.7588
1385943960,6142,6136,6142,6136,2.6328,16166.4412
1385944020,6125,6125,6125,6125,2.8134,17232.09097
1385944080,6125,6125.1,6125,6125.1,2.2566,13821.81235
1385944140,6125.2,6142,6125.2,6142,14.8602,91101.15141
1385944200,6145,6145,6145,6145,9.9038,60878.5178
1385944260,6145,6149,6145,6149,13.6982,84227.900298
1385944320,6150,6150,6150,6150,13.2686,81644.3152
1385944380,6170,6180,6170,6180,17.9519,110898.131165
1385944440,6180,6180,6180,6180,21,129911.00417
1385944500,6180.01,6160,6180.01,6160,1.776,10970.88576
1385944560,6178,6150,6178,6150,14.1649,87153.698424
1385944620,6150,6177,6150,6177,21.8595,134839.740358
1385944680,6177,6171,6177,6171,3.4393,21233.6471
1385944740,6171.001,6200,6171.001,6200,19.5439,120984.192607
1385944800,6200,6240,6200,6240,49.384,307759.905525
1385944860,6222,6240,6222,6240,41.5719,259006.704189
1385944920,6240,6240,6240,6240,39.83,248761.599997
1385944980,6240,6228,6240,6228,73.5487,459514.420602
1385945040,6239,6229,6239,6229,0.6642,4138.2218
1385945100,6229,6238.99,6229,6238.99,24.3628,151894.97974
1385945160,6238.99,6228,6238.99,6228,18.552,115586.1644138
1385945220,6228.99,6222,6228.99,6222,25.2503,157181.484931
1385945280,6222,6211,6222,6211,11.5995,72086.742903
1385945340,6220,6240,6220,6240,37.7753,235195.775429
1385945400,6240,6240,6240,6240,6.5535,40938.8087
1385945460,6240,6250,6240,6250,9.0616,56590.5351
1385945520,6242,6250,6242,6250,40.5527,253394.680082
1385945580,6251,6250,6251,6250,15.9503,99705.2195
1385945640,6250,6251,6250,6251,19.5866,122604.89066
1385945700,6251.01,6253,6251.01,6253,52.3093,327001.712396
1385945760,6258,6252,6258,6252,37.7521,236514.083053
1385945820,6252,6240.2,6252,6240.2,48.2217,301451.08811
1385945880,6242,6225,6242,6225,3.562,22237.603203
1385945940,6225,6248,6225,6248,2.091,13043.007493
1385946000,6248,6248,6248,6248,3.5167,21972.341596
1385946060,6235,6246,6235,6246,15.5966,97399.12454
1385946120,6246,6240,6246,6240,44.601,278377.0344
1385946180,6240,6240,6240,6240,21.1529,131993.628
1385946240,6245,6250,6245,6250,12.9443,80872.6112
1385946300,6251,6260,6251,6260,12.5337,78409.23037
1385946360,6260,6260,6260,6260,7.1237,44596.924
1385946420,6260,6289,6260,6289,32.0883,201179.687148
1385946480,6289,6291,6289,6291,8.0294,50507.770878
1385946540,6289,6298,6289,6298,55.5358,349426.34348
1385946600,6298,6345,6298,6345,55.042,347045.067289
1385946660,6344,6349,6344,6349,14.9197,94644.114998
1385946720,6347,6347,6347,6347,54.1378,343644.3613
1385946780,6347,6319.98,6347,6319.98,58.424,369276.323324
1385946840,6319.99,6319.3,6319.99,6319.3,44.939,283224.130863
1385946900,6301,6319.99,6301,6319.99,29.0686,183688.956547
1385946960,6320,6320,6320,6320,26.5602,167898.928428
1385947020,6344,6345,6344,6345,4.3635,27665.2141
1385947080,6345.01,6344.99,6345.01,6344.99,20.1969,128192.159341
1385947140,6345,6356,6345,6356,35.7284,226868.578609
1385947200,6356,6377,6356,6377,12.9317,82307.718463
1385947260,6380,6385,6380,6385,20.3903,130097.65935
1385947320,6385.01,6389.01,6385.01,6389.01,32.6393,208525.255091
1385947380,6389.01,6390,6389.01,6390,27.4657,175730.137023
1385947440,6390,6420,6390,6420,10.3656,66435.465239
1385947500,6423,6420.01,6423,6420.01,15.0686,96741.91115
1385947560,6420.01,6429,6420.01,6429,21.306,136915.490598
1385947620,6429,6425,6429,6425,39.4159,253283.887431
1385947680,6426,6440,6426,6440,18.498,118936.46656
1385947740,6445,6450,6445,6450,79.9153,515472.837637
1385947800,6449.99,6460.01,6449.99,6460.01,28.2054,181953.03266
1385947860,6460.01,6462,6460.01,6462,52.0322,336441.294432
1385947920,6462,6462.02,6462,6462.02,31.5334,204124.087162
1385947980,6462,6451,6462,6451,30.4729,196632.645191
1385948040,6451,6445,6451,6445,36.4759,235277.569607
1385948100,6435,6437,6435,6437,36.9118,237646.809559
1385948160,6436,6463,6436,6463,16.4373,106016.9958
1385948220,6466,6456,6466,6456,95.513,617129.583587
1385948280,6460,6463,6460,6463,29.8921,193094.296
1385948340,6463,6452,6463,6452,33.7866,218203.506
1385948400,6458,6440.03,6458,6440.03,39.7186,256236.024902
1385948460,6440,6434.99,6440,6434.99,15.392,99052.052022
1385948520,6435,6410,6435,6410,80.4884,516225.878883
1385948580,6409.99,6377,6409.99,6377,37.0066,236679.915183
1385948640,6380,6359.99,6380,6359.99,42.2375,269271.316216
1385948700,6356,6331,6356,6331,49.0554,311197.728603
1385948760,6339.98,6340,6339.98,6340,70.3049,444502.766861
1385948820,6329.99,6300,6329.99,6300,27.0991,170774.210495
1385948880,6290,6300,6290,6300,75.327,471095.820417
1385948940,6300,6301,6300,6301,40.2379,253578.8149939
1385949000,6324,6300,6324,6300,40.9621,258248.1179
1385949060,6300,6310,6300,6310,11.876,74906.226096
1385949120,6310,6307,6310,6307,5.8046,36623.577455
1385949180,6307,6300,6307,6300,73.4714,462391.106101
1385949240,6302,6300,6302,6300,43.8274,274934.284945
1385949300,6281,6299.99,6281,6299.99,21.0127,132260.620016
1385949360,6299,6288,6299,6288,48.8934,307947.236376
1385949420,6287,6290,6287,6290,16.5325,103992.5776
1385949480,6280.01,6279,6280.01,6279,57.6502,362032.3308
1385949540,6270,6270,6270,6270,26.2343,164540.082303
1385949600,6270,6275,6270,6275,71.8586,450706.26024
1385949660,6278,6274,6278,6274,42.1285,264217.0241
1385949720,6274,6300,6274,6300,91.4851,575020.50571
1385949780,6299,6310,6299,6310,40.2136,253146.740118
1385949840,6310,6332,6310,6332,21.958,138606.209289
1385949900,6332,6351,6332,6351,34.6163,219715.815749
1385949960,6351,6350.1,6351,6350.1,45.9804,292103.857733
1385950020,6351.01,6371,6351.01,6371,21.8631,139256.979312
1385950080,6377.01,6340,6377.01,6340,22.283,141627.889027
1385950140,6340,6320,6340,6320,11.7106,74016.025305
1385950200,6320,6340,6320,6340,7.8541,49636.184896
1385950260,6340,6360,6340,6360,45.3347,288483.178246
1385950320,6360.99,6370,6360.99,6370,22.6138,143935.895914
1385950380,6370,6370.01,6370,6370.01,21.7034,138273.868566
1385950440,6370,6365.01,6370,6365.01,74.3172,473170.620145
1385950500,6365.02,6346,6365.02,6346,48.9839,311815.654751
1385950560,6360,6380.01,6360,6380.01,58.8722,374726.248947
1385950620,6380,6400.02,6380,6400.02,47.904,306470.13637
1385950680,6400.02,6430,6400.02,6430,81.2528,521326.608326
1385950740,6430,6430,6430,6430,85.071,547016.575625
1385950800,6430,6377,6430,6377,130.5869,835423.327308
1385950860,6377,6389,6377,6389,33.6218,214494.217203
1385950920,6388.01,6376.99,6388.01,6376.99,58.051,370392.664473
1385950980,6376.99,6375,6376.99,6375,23.3817,148797.895708
1385951040,6375.01,6363,6375.01,6363,13.2929,84727.647202
1385951100,6363,6374.99,6363,6374.99,2.8872,18385.590505
1385951160,6374.99,6366,6374.99,6366,3.373,21487.715873
1385951220,6365.03,6365.01,6365.03,6365.01,34.401,218632.19564
1385951280,6365.01,6365.02,6365.01,6365.02,25.5357,162534.914726
1385951340,6366,6366,6366,6366,8.1365,51803.549156
1385951400,6369,6366.2,6369,6366.2,12.1962,77675.397456
1385951460,6368.96,6359.99,6368.96,6359.99,6.5528,41717.117545
1385951520,6360,6364.99,6360,6364.99,4.121,26224.659397
1385951580,6361,6340,6361,6340,14.4956,92023.697819
1385951640,6330,6328,6330,6328,56.8044,359043.0536318
1385951700,6328,6349,6328,6349,14.1036,89393.636034
1385951760,6340.98,6345,6340.98,6345,8.5686,54361.515351
1385951820,6344.99,6340,6344.99,6340,11.3548,72020.909223
1385951880,6340,6350,6340,6350,18.0011,114227.982374
1385951940,6350.01,6359.99,6350.01,6359.99,65.5057,416226.903287
1385952000,6359.99,6370,6359.99,6370,7.0812,45101.738925
1385952060,6365,6360,6365,6360,20.5017,130405.493481
1385952120,6360,6368.8,6360,6368.8,13.9992,89131.434
1385952180,6360.05,6368,6360.05,6368,11.3552,72288.09955
1385952240,6368.01,6369.99,6368.01,6369.99,6.4399,41003.055523
1385952300,6372,6370,6372,6370,4.695,29907.66985
1385952360,6370,6365,6370,6365,9.6189,61263.840327
1385952420,6362,6350,6362,6350,44.8233,284867.400593
1385952480,6350,6345,6350,6345,3.5736,22678.226151
1385952540,6345,6359.98,6345,6359.98,10.551,67028.391664
1385952600,6359,6350,6359,6350,9.9598,63340.904144
1385952660,6350,6365.99,6350,6365.99,4.8863,31029.435024
1385952720,6366,6367.98,6366,6367.98,7.9857,50837.528541
1385952780,6368,6367,6368,6367,6.7386,42907.713735
1385952840,6367,6370,6367,6370,21.1493,134670.112555
1385952900,6370,6377,6370,6377,26.2306,167067.958496
1385952960,6375,6377.99,6375,6377.99,29.4969,188182.044203
1385953020,6381,6397,6381,6397,6.7168,42936.511098
1385953080,6391,6399,6391,6399,26.734,170975.55353
1385953140,6399,6400,6399,6400,98.3705,629557.35429